bag_size_test,surv_loss_test,loss_test,c_index_test
28383.94252873563,3.666222333908081,3.666222333908081,0.6403846153846153
