{
    "bag_size_test": [
        28383.94252873563
    ],
    "c_index_test": [
        0.6403846153846153
    ],
    "loss_test": [
        3.666222333908081
    ],
    "surv_loss_test": [
        3.666222333908081
    ]
}