{
    "bag_size_test": [
        24790.626666666667
    ],
    "c_index_test": [
        0.6741803278688525
    ],
    "loss_test": [
        3.4829354286193848
    ],
    "surv_loss_test": [
        3.4829354286193848
    ]
}