bag_size_test,surv_loss_test,loss_test,c_index_test
24790.626666666667,3.4829354286193848,3.4829354286193848,0.6741803278688525
