bag_size_test,surv_loss_test,loss_test,c_index_test
11861.618181818181,3.4078221321105957,3.4078221321105957,0.5272727272727272
