{
    "bag_size_test": [
        11861.618181818181
    ],
    "c_index_test": [
        0.5272727272727272
    ],
    "loss_test": [
        3.4078221321105957
    ],
    "surv_loss_test": [
        3.4078221321105957
    ]
}