{
    "bag_size_test": [
        15567.272727272728
    ],
    "c_index_test": [
        0.7535070140280561
    ],
    "loss_test": [
        2.9821341037750244
    ],
    "surv_loss_test": [
        2.9821341037750244
    ]
}