bag_size_test,surv_loss_test,loss_test,c_index_test
15567.272727272728,2.9821341037750244,2.9821341037750244,0.7535070140280561
