{
    "bag_size_test": [
        7396.530120481928
    ],
    "c_index_test": [
        0.5088105726872246
    ],
    "loss_test": [
        3.474860429763794
    ],
    "surv_loss_test": [
        3.474860429763794
    ]
}