bag_size_test,surv_loss_test,loss_test,c_index_test
7396.530120481928,3.474860429763794,3.474860429763794,0.5088105726872246
