{
    "bag_size_test": [
        11657.94366197183
    ],
    "c_index_test": [
        0.6823529411764706
    ],
    "loss_test": [
        3.2420949935913086
    ],
    "surv_loss_test": [
        3.2420949935913086
    ]
}