bag_size_test,surv_loss_test,loss_test,c_index_test
11657.94366197183,3.2420949935913086,3.2420949935913086,0.6823529411764706
