bag_size_test,surv_loss_test,loss_test,c_index_test
10683.55,3.6951067447662354,3.6951067447662354,0.5247524752475248
