{
    "bag_size_test": [
        10683.55
    ],
    "c_index_test": [
        0.5247524752475248
    ],
    "loss_test": [
        3.6951067447662354
    ],
    "surv_loss_test": [
        3.6951067447662354
    ]
}