bag_size_test,surv_loss_test,loss_test,c_index_test
14177.871794871795,3.4284439086914062,3.4284439086914062,0.6796116504854369
