{
    "bag_size_test": [
        14177.871794871795
    ],
    "c_index_test": [
        0.6796116504854369
    ],
    "loss_test": [
        3.4284439086914062
    ],
    "surv_loss_test": [
        3.4284439086914062
    ]
}