{
    "bag_size_test": [
        13243.660714285714
    ],
    "c_index_test": [
        0.6372688477951636
    ],
    "loss_test": [
        4.280638694763184
    ],
    "surv_loss_test": [
        4.280638694763184
    ]
}