bag_size_test,surv_loss_test,loss_test,c_index_test
13243.660714285714,4.280638694763184,4.280638694763184,0.6372688477951636
