bag_size_test,surv_loss_test,loss_test,c_index_test
16425.44827586207,3.569110870361328,3.569110870361328,0.8577235772357723
