{
    "bag_size_test": [
        16425.44827586207
    ],
    "c_index_test": [
        0.8577235772357723
    ],
    "loss_test": [
        3.569110870361328
    ],
    "surv_loss_test": [
        3.569110870361328
    ]
}