bag_size_test,surv_loss_test,loss_test,c_index_test
17898.12987012987,3.3430209159851074,3.3430209159851074,0.8643067846607669
