{
    "bag_size_test": [
        17898.12987012987
    ],
    "c_index_test": [
        0.8643067846607669
    ],
    "loss_test": [
        3.3430209159851074
    ],
    "surv_loss_test": [
        3.3430209159851074
    ]
}