{
    "bag_size_test": [
        18555.457142857143
    ],
    "c_index_test": [
        0.6519230769230769
    ],
    "loss_test": [
        3.482736110687256
    ],
    "surv_loss_test": [
        3.482736110687256
    ]
}