bag_size_test,surv_loss_test,loss_test,c_index_test
18555.457142857143,3.482736110687256,3.482736110687256,0.6519230769230769
