{
    "bag_size_test": [
        15061.445544554455
    ],
    "c_index_test": [
        0.558303886925795
    ],
    "loss_test": [
        3.873337745666504
    ],
    "surv_loss_test": [
        3.873337745666504
    ]
}