bag_size_test,surv_loss_test,loss_test,c_index_test
15061.445544554455,3.873337745666504,3.873337745666504,0.558303886925795
