bag_size_test,surv_loss_test,loss_test,c_index_test
19779.958333333332,3.507643461227417,3.507643461227417,0.6537717601547389
