{
    "bag_size_test": [
        19779.958333333332
    ],
    "c_index_test": [
        0.6537717601547389
    ],
    "loss_test": [
        3.507643461227417
    ],
    "surv_loss_test": [
        3.507643461227417
    ]
}