bag_size_test,surv_loss_test,loss_test,c_index_test
15212.125,3.4125587940216064,3.4125587940216064,0.8278301886792453
