{
    "bag_size_test": [
        15212.125
    ],
    "c_index_test": [
        0.8278301886792453
    ],
    "loss_test": [
        3.4125587940216064
    ],
    "surv_loss_test": [
        3.4125587940216064
    ]
}