bag_size_test,surv_loss_test,loss_test,c_index_test
11227.0,3.1081690788269043,3.1081690788269043,0.48717948717948717
