{
    "bag_size_test": [
        11227.0
    ],
    "c_index_test": [
        0.48717948717948717
    ],
    "loss_test": [
        3.1081690788269043
    ],
    "surv_loss_test": [
        3.1081690788269043
    ]
}