bag_size_test,surv_loss_test,loss_test,c_index_test
12535.9375,4.0097880363464355,4.0097880363464355,0.6877380045696877
