{
    "bag_size_test": [
        12535.9375
    ],
    "c_index_test": [
        0.6877380045696877
    ],
    "loss_test": [
        4.0097880363464355
    ],
    "surv_loss_test": [
        4.0097880363464355
    ]
}