bag_size_test,surv_loss_test,loss_test,c_index_test
12856.78947368421,3.4150278568267822,3.4150278568267822,0.6849593495934959
