{
    "bag_size_test": [
        12856.78947368421
    ],
    "c_index_test": [
        0.6849593495934959
    ],
    "loss_test": [
        3.4150278568267822
    ],
    "surv_loss_test": [
        3.4150278568267822
    ]
}