{
    "bag_size_test": [
        17658.61971830986
    ],
    "c_index_test": [
        0.6949640287769784
    ],
    "loss_test": [
        3.6551549434661865
    ],
    "surv_loss_test": [
        3.6551549434661865
    ]
}