bag_size_test,surv_loss_test,loss_test,c_index_test
17658.61971830986,3.6551549434661865,3.6551549434661865,0.6949640287769784
