{
    "bag_size_test": [
        4468.534653465346
    ],
    "c_index_test": [
        0.5927272727272728
    ],
    "loss_test": [
        3.74796462059021
    ],
    "surv_loss_test": [
        3.74796462059021
    ]
}