bag_size_test,surv_loss_test,loss_test,c_index_test
4468.534653465346,3.74796462059021,3.74796462059021,0.5927272727272728
