bag_size_test,surv_loss_test,loss_test,c_index_test
12565.72972972973,3.686293125152588,3.686293125152588,0.6081989247311828
