{
    "bag_size_test": [
        12565.72972972973
    ],
    "c_index_test": [
        0.6081989247311828
    ],
    "loss_test": [
        3.686293125152588
    ],
    "surv_loss_test": [
        3.686293125152588
    ]
}