bag_size_test,surv_loss_test,loss_test,c_index_test
6938.977777777778,3.1501505374908447,3.1501505374908447,0.6192307692307693
