{
    "bag_size_test": [
        6938.977777777778
    ],
    "c_index_test": [
        0.6192307692307693
    ],
    "loss_test": [
        3.1501505374908447
    ],
    "surv_loss_test": [
        3.1501505374908447
    ]
}