bag_size_test,surv_loss_test,loss_test,c_index_test
14058.283582089553,3.59759783744812,3.59759783744812,0.5962059620596206
