{
    "bag_size_test": [
        14058.283582089553
    ],
    "c_index_test": [
        0.5962059620596206
    ],
    "loss_test": [
        3.59759783744812
    ],
    "surv_loss_test": [
        3.59759783744812
    ]
}