bag_size_test,surv_loss_test,loss_test,c_index_test
11713.395604395604,4.2057318687438965,4.2057318687438965,0.6965699208443272
