{
    "bag_size_test": [
        11713.395604395604
    ],
    "c_index_test": [
        0.6965699208443272
    ],
    "loss_test": [
        4.2057318687438965
    ],
    "surv_loss_test": [
        4.2057318687438965
    ]
}