{
    "bag_size_test": [
        18446.802816901407
    ],
    "c_index_test": [
        0.5108593012275732
    ],
    "loss_test": [
        3.6564955711364746
    ],
    "surv_loss_test": [
        3.6564955711364746
    ]
}