bag_size_test,surv_loss_test,loss_test,c_index_test
18446.802816901407,3.6564955711364746,3.6564955711364746,0.5108593012275732
