bag_size_test,surv_loss_test,loss_test,c_index_test
9552.27536231884,3.0135886669158936,3.0135886669158936,0.8884540117416829
