{
    "bag_size_test": [
        9552.27536231884
    ],
    "c_index_test": [
        0.8884540117416829
    ],
    "loss_test": [
        3.0135886669158936
    ],
    "surv_loss_test": [
        3.0135886669158936
    ]
}