bag_size_test,surv_loss_test,loss_test,c_index_test
14041.9375,3.955965757369995,3.955965757369995,0.5756013745704467
