{
    "bag_size_test": [
        14041.9375
    ],
    "c_index_test": [
        0.5756013745704467
    ],
    "loss_test": [
        3.955965757369995
    ],
    "surv_loss_test": [
        3.955965757369995
    ]
}