{
    "bag_size_test": [
        12979.660714285714
    ],
    "c_index_test": [
        0.5803108808290155
    ],
    "loss_test": [
        3.4709835052490234
    ],
    "surv_loss_test": [
        3.4709835052490234
    ]
}