bag_size_test,surv_loss_test,loss_test,c_index_test
12979.660714285714,3.4709835052490234,3.4709835052490234,0.5803108808290155
