bag_size_test,surv_loss_test,loss_test,c_index_test
7096.155555555555,2.2567684650421143,2.2567684650421143,0.6730769230769231
