{
    "bag_size_test": [
        7096.155555555555
    ],
    "c_index_test": [
        0.6730769230769231
    ],
    "loss_test": [
        2.2567684650421143
    ],
    "surv_loss_test": [
        2.2567684650421143
    ]
}