bag_size_test,surv_loss_test,loss_test,c_index_test
7974.0,3.3610215187072754,3.3610215187072754,0.4602649006622517
