{
    "bag_size_test": [
        7974.0
    ],
    "c_index_test": [
        0.4602649006622517
    ],
    "loss_test": [
        3.3610215187072754
    ],
    "surv_loss_test": [
        3.3610215187072754
    ]
}